title,absolute_url
トヨタ自動車名誉会長、豊田 章一郎氏のご逝去に関して ,https://global.nissannews.com/ja-JP/releases/release-a29f4d6bd6810c1e25a9f85d234af657-230215-00-j
日産自動車、トルコにおける人道的危機への支援を決定 ,https://global.nissannews.com/ja-JP/releases/release-a29f4d6bd6810c1e25a9f85d23386ee7-230214-01-j
AD　ご注文の一時停止のお知らせ ,https://global.nissannews.com/ja-JP/releases/release-70e2620bca89d2aca936c9c6fd04a91f-220805-00-j
日産アリア B6（2WD）、新型フェアレディZ ご注文の一時停止のお知らせ ,https://global.nissannews.com/ja-JP/releases/release-78c2698d60c264e7844a86167e257bc5-220719-00-j
「Nissan GT-R50 by Italdesign」の受注終了のお知らせ ,https://global.nissannews.com/ja-JP/releases/release-714df92f6eca21db09f3733a8a344b97-220701-00-j
マレリ　事業再生についての当社ステートメント ,https://global.nissannews.com/ja-JP/releases/release-714df92f6eca21db09f3733a8a0872bd-220624-01-j
ドバイ控訴裁判所の判決に関して ,https://global.nissannews.com/ja-JP/releases/release-01146abab3c091834d97e7e321249462-220617-01-j
日産アリア B6（2WD）発売日延期のお知らせ ,https://global.nissannews.com/ja-JP/releases/release-7e94243bd1a04db8cc4da4535e04e850-220404-01-j
新型コロナウイルス感染拡大に伴う対応について ,https://global.nissannews.com/ja-JP/releases/release-7aa4d3e4b25782dcbedfa7df600246b7-covid-19-info
金融商品取引法違反に関する第一審判決について ,https://global.nissannews.com/ja-JP/releases/release-a8a987160a53b8df938002e30c08665c-220304-00-j
日産「ルークス」の生産、出荷の再開に関して ,https://global.nissannews.com/ja-JP/releases/release-cf61cd43290d6cf052b40724e004dcf7-220204-01-j
アル・ダハナ社との裁判に関して ,https://global.nissannews.com/ja-JP/releases/release-19ece0b4021c4f39a563d40ffa07926e-211026-00-j
日産自動車、ダイムラーの全株式を売却 ,https://global.nissannews.com/ja-JP/releases/release-11ab174ab769fa2ed73d795e2526e7ce-210505-01-j
三菱自動車との資本関係見直しに関する報道について ,https://global.nissannews.com/ja-JP/releases/release-8b140a650fe9701f0480741b3e1869e8-201116-01-j
損害賠償請求訴訟の第1回期日に関するコメント ,https://global.nissannews.com/ja-JP/releases/release-8b140a650fe9701f0480741b3e020c1c-201113-01-j
当社元代表取締役会長カルロス ゴーン及び元代表取締役グレッグ ケリーによる金融商品取引法違反に関する第一回公判開始に関するコメント ,https://global.nissannews.com/ja-JP/releases/release-f52ea4a138239827439d8f09f8098171-200915-02-j
三菱自動車工業株式会社元会長 益子 修氏のご逝去に関して（ステートメント） ,https://global.nissannews.com/ja-JP/releases/release-68008e712038296aff2edd331e0288ef-200831-01-j
株式報酬制度の導入に関するお知らせ ,https://global.nissannews.com/ja-JP/releases/release-5f786044eb466dfe0a86a13a52043a3a-200820-02-j
株式報酬制度の導入に関するお知らせ ,https://global.nissannews.com/ja-JP/releases/release-c3d673d32d4806aceeaf9caae3019c34-200807-01-j
当社生産体制に関する日本経済新聞の報道について ,https://global.nissannews.com/ja-JP/releases/release-98c7e949711b80bba033b95a4f00212c-200514-02-j
車両製造工場における不適切な完成検査の実施について ,https://global.nissannews.com/ja-JP/releases/release-6983f5a04e7f0809bf9c02134b003121-200424-03-j
新型コロナウイルス感染拡大抑制のための臨時休業のお知らせ ,https://global.nissannews.com/ja-JP/releases/release-ad7639faff7fbd57412a79f463005c6b-200421-01-j
新型コロナウイルス感染拡大による国内工場の生産調整について ,https://global.nissannews.com/ja-JP/releases/release-2e56f1c8274aa678b2b213becc0356cd-200417-00-j
新型コロナウイルスに関する緊急事態宣言についてのステートメント ,https://global.nissannews.com/ja-JP/releases/release-828f37ae847d332071806aeb7b0117ab-200408-01-j
